"标题","用户ID","订单编号","订单状态","实付","佣金比例","返利","创建时间","返利时间",
"【新品】ONLY19春新款蕾丝镂袖口显瘦T恤上衣女|118102527","","382979714953839932","付款订单","82.48","5.00 %","1.44","2019-03-19 13:48:43","0",
"【新品】ONLY19春新款蕾丝镂袖口显瘦T恤上衣女|118102527","","382979714953839932","付款订单","82.48","5.00 %","1.44","2019-03-19 13:48:43","0",
"ONLY PLAY 19春季连帽宽松运动风衣外套女|118136573","","382979714953839932","付款订单","192.54","1.50 %","1.01","2019-03-19 13:48:43","0",
"帮宝适拉拉裤大号L120片超薄干爽透气成长裤婴儿尿不湿纸尿裤","910","382952962169723571","付款订单","130.00","2.50 %","1.13","2019-03-19 13:15:29","--",
"秋冬新款大码女装百搭中长款针织裙胖mm宽松中长款针织衫连衣裙潮","994","382750113362667564","付款订单","45.90","5.00 %","0.80","2019-03-19 13:05:43","--",
"亮龙 红米note7钢化膜小米6全屏红米note5抗蓝光note3高清4x原装6x防指纹max3max2手机5plu","271","382266624322567159","付款订单","5.69","10.00 %","0.19","2019-03-19 10:50:01","--",
"真皮高跟鞋女细跟2019春夏新款尖头工作鞋OL黑色优雅职业中跟单鞋","1034","270015590714928196","付款订单","103.04","20.00 %","7.21","2019-03-19 02:06:43","--",
"思朗纤麸无添糖粗粮消化饼干纤夫整箱早餐全麦麦麸五谷杂粮无糖精","904","382628067257216167","付款订单","47.90","1.60 %","0.26","2019-03-18 20:07:33","--",
"便携手提慕斯西点烘培6寸10寸8寸12寸生日蛋糕盒加高方形包装定制","324","382101314806360985","付款订单","88.84","2.00 %","0.62","2019-03-18 15:26:31","--",
"便携手提慕斯西点烘培6寸10寸8寸12寸生日蛋糕盒加高方形包装定制","324","382101314806360985","付款订单","92.61","2.00 %","0.64","2019-03-18 15:26:31","--",
"花花公子夹克男2018秋季新款男士外套中年商务休闲薄茄克衫男装","904","381394496945216167","付款订单","86.00","5.00 %","1.50","2019-03-18 12:54:01","--",
"品胜安卓数据线快充micro usb通用安卓充电器线充电数据线壹","1008","381886306565378030","付款订单","14.00","2.30 %","0.11","2019-03-18 11:55:56","--",
"可省300元 vivo Z3手机 新品vivoz3 限量版 vivo官网旗舰店 vivoz3手机vivox23 z1","1008","381331264626378030","付款订单","1598.00","2.00 %","11.18","2019-03-18 11:50:55","--",
"拖鞋女夏家用室内浴室防滑洗澡软底居家外穿可爱男家居凉拖鞋情侣","994","381678658926667564","付款订单","13.80","8.60 %","0.41","2019-03-18 08:55:28","--",
"拖鞋女夏家用室内浴室防滑洗澡软底居家外穿可爱男家居凉拖鞋情侣","994","381678658926667564","付款订单","6.90","8.60 %","0.20","2019-03-18 08:55:28","--",
"【特惠】ONLY新款风衣女中长款收腰修身显瘦|117336562","","381606082709839932","付款订单","92.12","5.00 %","1.61","2019-03-18 05:04:06","0",
"JackJones杰克琼斯男锥腿猫须牛仔裤O-217132524","","381606082709839932","付款订单","53.49","5.00 %","0.93","2019-03-18 05:04:06","0",
"Vero Moda刺绣贴布中长连衣裙|31737A511","","381606082709839932","付款订单","59.44","5.00 %","1.03","2019-03-18 05:04:06","0",
"【聚】ONLY19春新深色直筒中腰弧形口袋牛仔裤女|118132541","","381606082709839932","付款订单","106.40","5.00 %","1.86","2019-03-18 05:04:06","0",
"Jack Jones/杰克琼斯男尖领长袖衬衫服|217305543","","381606082709839932","付款订单","47.55","5.00 %","0.83","2019-03-18 05:04:06","0",
"DFG电动电瓶摩托车头盔男女士通用夏季防晒轻便式四季可爱安全帽","402","381004929938735949","付款订单","27.80","10.10 %","0.98","2019-03-17 17:41:48","--",
"美特斯邦威外套2019春装新款男简洁休闲潮流连帽水洗夹克商场款","402","380838241561735949","付款订单","208.90","5.50 %","4.02","2019-03-17 14:47:04","--",
"虾仔面包邮50袋整箱超大组合办公室干吃面儿时经典零食大礼包混装","402","380809889610735949","付款订单","21.80","3.00 %","0.22","2019-03-17 14:16:59","--",
"河北特产怡味园6斤加虾猫耳朵休闲膨化零食办公小吃怀旧童年食品","402","380799489616735949","付款订单","55.00","10.00 %","1.92","2019-03-17 14:05:54","--",
"耳乐保睡觉降噪静音隔音耳塞防噪音睡眠用学生专业超防打呼噜神器","402","380997442319735949","付款订单","20.80","20.00 %","1.45","2019-03-17 14:03:35","--",
"大码女装两件套法国小众微胖mm春装2019新款胖妹妹显瘦运动套装裙","880","269924455669671194","付款订单","189.90","6.01 %","3.99","2019-03-17 13:10:55","--",
"小白鞋夏季女2018新款百搭韩版1992板鞋ins女鞋港风超火帆布鞋子","929","282850510072983614","付款订单","34.21","3.00 %","0.36","2019-03-17 09:36:45","--",
"适配大众新POLO桑塔纳捷达宝来速腾明锐朗逸凌渡原厂空气空调滤芯","1174","379994272694423440","付款订单","42.00","15.00 %","2.20","2019-03-16 22:20:06","--",
"茗振盐袋海盐粗盐热敷包电加热家用艾草非带子盐包大粒理疗盐袋子","880","269518789007671194","付款订单","79.00","20.00 %","5.53","2019-03-16 21:54:32","--",
"awm狙击m24可发射儿童吃u玩具枪8倍套装水弹枪98k男孩装备步枪真","954","269377060458268497","付款订单","68.00","2.00 %","0.47","2019-03-16 13:16:55","--",
"奶茶店用品塑料密封罐奶茶粉盒方形果粉盒奶茶店储物罐方豆桶包邮","1104","379797537350088841","已返利","12.51","3.00 %","0.13","2019-03-16 12:02:21","2019-03-17 17:14:39",
"奶茶店用品塑料密封罐奶茶粉盒方形果粉盒奶茶店储物罐方豆桶包邮","1104","379797537350088841","已返利","6.86","3.00 %","0.07","2019-03-16 12:02:21","2019-03-17 17:15:39",
"双肩包女2019新款韩版时尚潮女士背包大容量旅行包手提多功能女包","815","380227267784349432","已返利","118.00","15.00 %","6.19","2019-03-16 11:31:14","2019-03-19 07:14:12",
"春款断码清仓 120码","29","282068844670096019","付款订单","23.79","5.00 %","0.41","2019-03-15 21:36:09","--",
"春款断码清仓 110码","29","282068844670096019","付款订单","29.49","5.00 %","0.51","2019-03-15 21:36:09","--",
"春款断码清仓 120码","29","282068844670096019","付款订单","15.22","5.00 %","0.26","2019-03-15 21:36:09","--",
"春款断码清仓 120码","29","282068844670096019","付款订单","37.10","5.00 %","0.65","2019-03-15 21:36:09","--",
"春款断码清仓 120码","29","282068844670096019","付款订单","17.13","5.00 %","0.30","2019-03-15 21:36:09","--",
"春款断码清仓 110码","29","282068844670096019","付款订单","37.11","5.00 %","0.65","2019-03-15 21:36:09","--",
"春款断码清仓 130码","29","282068844670096019","付款订单","36.16","5.00 %","0.63","2019-03-15 21:36:09","--",
"白色皮鞋女鞋2019新款粗跟高跟鞋春款鞋子百搭一字扣春季单鞋中跟","1071","379823779075256453","付款订单","138.00","3.50 %","1.69","2019-03-15 20:33:02","--",
"七度空间卫生巾女日用夜用组合装姨妈巾整箱混合装旗舰店官网正品","904","379798339190216167","付款订单","48.40","5.50 %","0.93","2019-03-15 20:05:16","--",
"儿童筷子训练筷家用小孩餐具宝宝吃饭勺子叉学习练习套装男孩一段","1028","379726595439738340","付款订单","19.60","20.00 %","1.37","2019-03-15 18:35:39","--",
"千丝麻薯整箱2斤 爆浆麻^特产干吃汤圆糯米糍粑面包糕点心零食品","479","282266030619693900","已返利","11.90","2.00 %","0.08","2019-03-15 17:14:24","2019-03-19 08:41:04",
"安贝儿婴儿洗衣皂 宝宝洗衣皂抑菌尿布皂儿童肥皂bb皂正品180g*10","651","379614627833601070","付款订单","49.80","3.00 %","0.52","2019-03-15 16:16:45","--",
"月子鞋女春季产妇产后春秋夏季包跟防滑软底拖鞋室内孕妇鞋夏薄款","651","379156033654601070","付款订单","19.90","10.00 %","0.69","2019-03-15 16:11:24","--",
"对对熊女童内裤纯棉平角宝宝内裤女童短裤A类中小儿童内裤女95%棉","1104","379492291771088841","已返利","29.90","20.00 %","2.09","2019-03-15 13:55:00","2019-03-17 17:15:39",
"【3斤特价】厦门馅饼1500克绿豆饼老婆饼蛋糕肉松饼麻薯吐司面包","870","282184366664363302","付款订单","16.06","5.00 %","0.28","2019-03-15 13:49:42","--",
"植护抽纸小家庭实惠装家用30包整箱大400餐巾卫生纸巾学生宿舍用","934","379389187609105761","付款订单","27.90","3.50 %","0.34","2019-03-15 11:47:47","--",
"抽纸批发整箱家庭装30包本色纸巾餐巾纸抽卫生纸家用面巾纸实惠装","934","378913057306105761","付款订单","24.90","5.50 %","0.47","2019-03-15 11:18:37","--",
"孕之宝吸奶器手动吸力大孕妇产后母乳用品拔抽挤无痛非电动集奶器","651","379255235006601070","付款订单","16.80","5.60 %","0.32","2019-03-15 09:11:03","--",
"感统训练器材儿童健身平衡板玩具平衡木幼儿早教运动游戏拓展道具","1165","269170212892424892","付款订单","59.00","2.50 %","0.51","2019-03-14 20:57:07","--",
"切水果切切乐儿童过家家超市购物车玩具男孩女孩玩具推车蛋糕小伶","889","269369190728873888","已返利","11.70","1.50 %","0.06","2019-03-14 17:08:36","2019-03-18 17:36:42",
"生日蛋糕帽用品 装饰卡通帽皇冠帽 派对帽生日帽成人儿童可调大小","324","377705856271360985","付款订单","64.93","1.50 %","0.33","2019-03-14 11:07:54","--",
"蛋糕装饰片冰淇淋巧克力装饰片插片黑白蜂巢围边100片4盒包邮","324","377705856271360985","付款订单","73.48","1.50 %","0.38","2019-03-14 11:07:54","--",
"蛋糕西点冰淇淋插牌巧克力装饰片插件 黑白弹簧卷条16卷4盒包邮","324","377705856271360985","付款订单","25.48","1.50 %","0.13","2019-03-14 11:07:54","--",
"摇头蛋糕摆件 蛋糕装饰摆件米老鼠小熊 kt猫奶嘴机器猫卡通装饰件","324","377705856271360985","付款订单","7.67","1.50 %","0.04","2019-03-14 11:07:54","--",
"摇头蛋糕摆件 蛋糕装饰摆件米老鼠小熊 kt猫奶嘴机器猫卡通装饰件","324","377705856271360985","付款订单","9.64","1.50 %","0.04","2019-03-14 11:07:54","--",
"【特惠】ONLY新款风衣女中长款收腰修身显瘦|117336562","","377692192140839932","付款订单","109.84","5.00 %","1.92","2019-03-14 10:55:20","0",
"ONLY19春新深色直筒中腰弧形口袋牛仔裤女|118132541","","377692192140839932","付款订单","122.89","5.00 %","2.14","2019-03-14 10:55:20","0",
"Vero Moda直筒中长款时尚前片落肩袖风衣|317421504","","377692192140839932","付款订单","109.84","5.00 %","1.92","2019-03-14 10:55:20","0",
"【新品】ONLY19春新款蕾丝镂空松紧袖口显瘦T恤上衣女|118102527","","377692192140839932","付款订单","95.43","5.00 %","1.66","2019-03-14 10:55:20","0",
"可爱迷你双肩包女宝宝防走失带牵引绳背包韩国儿童幼儿男1-3-5岁","348","378352131398987684","付款订单","15.30","3.00 %","0.16","2019-03-14 08:13:25","--",
"铝膜气球手持棒多款可爱卡通儿童佩奇微商地推活动小礼品批l包邮","348","378074658055987684","付款订单","15.60","3.00 %","0.16","2019-03-14 07:40:59","--",
"英和婴宝冷敷凝胶儿童型婴幼儿宝宝红屁股不适修护红屁屁凝胶包邮","348","377513152499987684","已返利","28.00","30.00 %","2.94","2019-03-14 07:10:56","2019-03-17 07:20:01",
"11件套打包压缩袋特大号压缩包装真空袋被子增空压缩收纳袋收拉袋","1104","377865475647088841","已返利","39.00","2.00 %","0.27","2019-03-13 17:26:40","2019-03-14 11:30:15",
"手缝真皮方向盘套本田CRV凌派飞度XRV锋范思域杰德缤智哥瑞雅阁","1104","377596130266088841","已返利","69.00","2.00 %","0.48","2019-03-13 17:21:38","2019-03-14 11:30:15",
"墨镜女士偏光太阳镜女2018新款韩版潮防紫外线眼镜圆脸可配近视镜","1137","269299687733566194","已返利","29.00","30.01 %","3.04","2019-03-13 11:19:05","2019-03-16 17:22:48",
"中国风外套男薄款唐装复古日系日式和风开衫道袍和服亚麻防晒衣夏","479","281332748803693900","已返利","64.68","6.00 %","1.35","2019-03-13 10:13:27","2019-03-15 14:01:14",
"欧思朵婴儿湿纸巾新生手口专用屁宝宝幼儿80抽5包家用大包装特价","870","281397773372363302","已返利","13.90","30.00 %","1.45","2019-03-13 09:17:13","2019-03-16 16:11:31",
"abd吐司面包营养早餐手撕面包夹心糕点蛋糕零食食品整箱面包年货","559","376637729547979019","付款订单","23.80","30.00 %","2.49","2019-03-12 22:09:29","--",
"清扬男士洗发水去屑洗发露洗头膏控油止痒薄荷去油家庭装750ml","","376652450827730636","失效订单","59.90","5.50 %","1.15","2019-03-12 19:23:59","0",
"清扬男士洗发水去屑洗发露洗头膏控油止痒薄荷去油家庭装750ml","","376453217446730636","失效订单","59.90","5.50 %","1.15","2019-03-12 19:13:26","0",
"明澄雅网红染发剂2018流行色纯膏女黑茶闷青植物色天然无刺激2019","924","281285197784881403","付款订单","13.90","30.00 %","1.45","2019-03-12 14:11:36","--",
"Meileur防摔玻璃杯便携水杯女学生创意潮流双层随手过滤男茶杯子","782","268818373736773794","已返利","19.00","30.00 %","1.99","2019-03-12 12:50:20","2019-03-14 18:58:28",
"笔记本电脑桌床上用简易卡通超大学生宿舍书桌折叠简易懒人小桌子","1012","376376483633428086","已返利","55.37","10.00 %","1.93","2019-03-12 10:33:53","2019-03-14 20:36:19",
"chic机车皮衣外套女2018新款春秋韩版显瘦修身小皮夹克短款百搭潮","660","375933698883711472","付款订单","125.00","5.00 %","2.18","2019-03-12 06:47:15","--",
"自然旋律果酸身体乳女保湿滋润香体全身补水去鸡皮肤去除毛囊角质","1150","375599873553949476","已返利","44.00","20.00 %","3.08","2019-03-11 22:49:49","2019-03-18 15:59:47",
"上海老式床单丝光棉双人国民全棉印花加厚老粗布纯棉磨毛被单单件","934","375000576896105761","付款订单","62.63","1.50 %","0.32","2019-03-11 18:48:17","--",
"久食麦紫米夹心面包整箱5斤约44包脆皮吐司三明治营养早餐糕点","1064","375334657873475428","付款订单","41.90","1.50 %","0.22","2019-03-11 18:39:03","--",
"德露宝进口按压式儿童牙膏可吞咽2-12岁换牙期防蛀宝宝牙膏251G装","567","268868390823727691","已返利","28.90","2.00 %","0.19","2019-03-11 15:18:29","2019-03-13 17:36:40",
"健丹鸟男士内裤 男 平角裤夏季纯棉青年性感潮个性四角短底裤头","942","375484355939838622","付款订单","24.90","3.50 %","0.30","2019-03-11 13:42:40","--",
"ZEESEA滋色哑光口红持久保湿非不脱色不沾杯颜九正品女学生枫叶红","934","374625152287105761","付款订单","69.00","4.00 %","0.96","2019-03-11 12:57:42","--",
"德力西插座面板多孔家用接线拖线排插多用功能电源长带线插板插排","1129","375349891459118637","付款订单","14.90","3.50 %","0.18","2019-03-11 11:38:16","--",
"黑壳虾客活体免邮除藻工具虾观赏米龙鱼鳄龟活体饲料鱼缸水草大号","479","281281454565693900","已返利","9.71","3.00 %","0.10","2019-03-11 11:17:30","2019-03-15 08:16:16",
"荣事达养生壶全自动加厚玻璃多功能电煮茶壶家用一体小养身防糊底","912","374751521481680527","已返利","159.00","5.70 %","3.17","2019-03-11 09:39:54","2019-03-18 18:24:42",
"2019春季新款牛仔外套衣服男士加肥大码胖子帅气夹克韩版潮流男装","866","374443105555675334","付款订单","66.00","8.01 %","1.85","2019-03-10 21:38:22","--",
"车仆燃油宝汽油添加剂燃油添加剂节油宝汽车除积碳清洗剂正品6支","1174","374071360009423440","已返利","44.00","20.00 %","3.08","2019-03-10 21:15:18","2019-03-16 22:23:29",
"水钻发箍简约韩国人工珍珠头箍刘海发卡成人压发细发窟发夹发饰","516","374634307872785228","失效订单","9.90","20.02 %","0.69","2019-03-10 17:33:21","--",
"裤子男韩版潮流破洞九分牛仔裤男士修身弹力束脚裤男春秋款小脚裤","","374232930809514564","付款订单","49.00","30.00 %","5.14","2019-03-10 15:45:58","0",
"蜀大侠麻辣自热方便荤菜多肉懒人网红大份量小火锅505g","1012","374218658492428086","已返利","109.40","6.50 %","2.48","2019-03-10 15:32:17","2019-03-14 20:35:19",
"蜀大侠麻辣自热方便荤菜多肉懒人网红大份量小火锅505g","1012","374471491520428086","失效订单","29.80","6.50 %","0.67","2019-03-10 15:21:31","--",
"小白鞋女冬季加绒2018新款网红女鞋小熊老爹鞋元素百搭超火运动鞋","1041","374078274776675529","付款订单","39.90","20.00 %","2.79","2019-03-10 13:31:44","--",
"宝骏730装饰内饰改装专用配件2017/15款16中控台仪表盘防晒避光垫","651","373950722340601070","付款订单","25.00","2.00 %","0.17","2019-03-10 11:32:33","--",
"小米红米note5手机壳女款防摔手机套软硅胶外壳个性磨砂保护套潮","870","280908653108363302","已返利","9.22","20.00 %","0.64","2019-03-10 11:22:48","2019-03-15 08:13:16",
"小米红米note5手机壳女款防摔手机套软硅胶外壳个性磨砂保护套潮","870","280908653108363302","已返利","9.22","20.00 %","0.64","2019-03-10 11:22:48","2019-03-15 08:14:16",
"新鲜现做手工千层蛋糕动物奶油榴莲芒果火龙果杭州同城顺丰速运","432","374073987518707783","已返利","188.00","5.00 %","3.29","2019-03-10 09:27:25","2019-03-17 19:11:18",
"格瑟 耳机原装正品有线入耳式适用vivo华为小米oppo苹果安卓手机通用耳塞男女生韩版可爱r11r9s高音质原配x2","477","373304449948981620","付款订单","6.80","40.00 %","0.95","2019-03-09 22:31:31","--",
"黑妞宝贝EVA立体贴画儿童手工制作材料包3D粘贴纸幼儿园diy创意","","268307012155424892","付款订单","18.90","5.50 %","0.36","2019-03-09 20:12:04","0",
"外穿打底裤女薄款春秋黑色长裤子胖mm大码女裤显瘦紧身弹力小脚裤","122","373211618878179132","付款订单","45.00","5.50 %","0.86","2019-03-09 19:06:57","--",
"100年润发官网无硅油洗发水男女香味洗头发一百年润发洗发露正品","762","372713153554802046","付款订单","49.90","2.00 %","0.35","2019-03-09 15:07:56","--",
"儿童风筝 潍坊卡通飞机蝴蝶老鹰三角风筝微风易飞初学者风筝 新款","866","372667585541675334","已返利","18.43","5.01 %","0.32","2019-03-09 14:35:54","2019-03-12 19:33:48",
"【女王价】iPhone6数据线苹果6s充电线器5s手机7Plus加长5快充se单头8X短iphonex冲电P平板电脑","891","372585889643684019","已返利","18.00","30.00 %","1.89","2019-03-09 13:32:13","2019-03-17 09:55:11",
"【女王价】乔治卡罗尔男士洗发水沐浴露套装持久留香味控油去屑止痒洗头膏露","1153","372202368311188629","已返利","39.80","20.00 %","2.78","2019-03-09 12:59:43","2019-03-11 11:34:44",
"【女王价】唐音 古筝指甲 成人儿童初学者义甲 演奏尼龙指甲送古筝胶布","954","268283781466268497","已返利","25.00","10.00 %","0.87","2019-03-09 10:39:15","2019-03-12 18:50:27",
"男士美白面霜 护肤保湿霜乳补水保湿乳液控油擦脸油润肤露化妆品","1010","268182756108253796","已返利","30.60","20.00 %","2.14","2019-03-09 08:49:22","2019-03-12 07:02:25",
"艾臣秋冬季躺椅折叠午休午睡床家用懒人靠背便携多功能沙滩靠椅子","782","268617959831773794","已返利","140.00","2.50 %","1.22","2019-03-09 08:42:12","2019-03-11 15:16:20",
"【女王价】漱口刷牙杯子简约家用牙缸牙膏便携式旅行套装情侣牙刷盒牙具收纳","","371711392520109785","确认收货","16.90","2.50 %","0.14","2019-03-08 23:41:09","0",
"【女王价】【原装正品】耳机入耳式手机通用oppo华为荣耀vivo 安卓耳塞式小米三星游戏电脑重低音炮男女生运动线控带","758","372126754856455862","已返利","9.80","1.30 %","0.04","2019-03-08 22:14:25","2019-03-14 23:34:37",
"太阳镜女时尚偏光镜开车旅行潮流墨镜女圆脸太阳眼镜2019新款眼睛","1137","268568775738566194","已返利","9.90","30.00 %","1.03","2019-03-08 22:02:00","2019-03-12 19:08:27",
"2018早秋新款韩国东大门ulzzang卡通卫衣chic宽松慵懒女卫衣大码","","372193379842298032","付款订单","68.00","10.00 %","2.38","2019-03-08 20:07:19","0",
"钰贝乐婴儿床实木无漆环保宝宝床儿童床拼接床可变书桌婴儿摇篮床","","371337570485602076","确认收货","267.97","8.50 %","7.97","2019-03-08 12:49:50","0",
"【女王价】鞋子女2019新款百搭韩版学生小白鞋春季平底板鞋春款2018基础白鞋","","371240866892854117","确认收货","49.00","3.50 %","0.60","2019-03-08 11:41:01","0",
"正版中长款风衣女2019春装新款韩版修身学生休闲春秋百搭收腰女装","","371303907839118637","确认收货","150.00","10.12 %","5.31","2019-03-08 09:22:41","0",
"每日生机奶盐苏打饼干香葱咸味饼干整箱批发小包散装早餐零食5斤","1041","370574561910675529","已返利","36.80","20.10 %","2.59","2019-03-07 23:54:25","2019-03-12 16:26:51",
"【女王价】阿婆家的薯片好吃宿舍网红小零食大礼包女生整箱散装自选休闲食品","1041","370217376305675529","已返利","17.80","20.00 %","1.24","2019-03-07 23:32:35","2019-03-12 16:28:51",
"BK美甲工具套装全套初学者做指甲油胶开美甲店家用饰品贴花光疗机","1041","370192032832675529","已返利","49.00","20.00 %","3.43","2019-03-07 23:07:00","2019-03-12 16:27:51",
"多功能钥匙扣小刀具 户外创意随身便携edc小工具折叠迷你锋利小刀","","268329831765625288","确认收货","13.50","20.00 %","0.94","2019-03-07 20:03:14","0",
"【女王价】女士内裤女100%纯棉裆大码中腰全棉性感蕾丝少女无痕抗菌日系三角","","370294690759179132","确认收货","24.80","30.00 %","2.60","2019-03-07 19:05:47","0",
"长袖白色t恤女装春装2019新款韩版打底衫宽松bf风短袖上衣精梳棉","1123","370089217570063919","已返利","19.80","30.00 %","2.07","2019-03-07 17:54:13","2019-03-17 18:08:07",
"长袖白色t恤女装春装2019新款韩版打底衫宽松bf风短袖上衣精梳棉","1123","370555011552063919","已返利","14.80","30.00 %","1.55","2019-03-07 17:53:32","2019-03-17 18:08:07",
"【特惠】ONLY刺绣镂空钩花宽松喇叭袖T恤女|117351507","","370071617881839932","付款订单","43.55","5.00 %","0.76","2019-03-07 17:47:37","0",
"JackJones杰克琼斯格纹修身长袖衬衫衣O|217105517","","370071617881839932","确认收货","52.93","5.00 %","0.92","2019-03-07 17:47:37","0",
"【聚】ONLY19春新九分微喇牛仔裤女|118149586","","370071617881839932","付款订单","106.52","5.00 %","1.86","2019-03-07 17:47:37","0",
"【女王价】抽纸批发整箱30包雪亮家庭装婴儿卫生纸巾家用餐巾纸面巾纸实惠装","1100","369938817298564757","已返利","26.98","2.01 %","0.18","2019-03-07 16:05:31","2019-03-14 09:55:35",
"女宝宝春装套装加绒1-3-5岁时尚洋气金丝绒6岁两件套女童春装套装","1104","370391811615088841","已返利","147.00","15.00 %","7.71","2019-03-07 15:54:55","2019-03-08 16:24:57",
"宝宝头绳小圈女童发绳皮筋不伤发韩国公主发饰儿童橡皮筋头饰发圈","","369587776526563229","确认收货","11.57","10.00 %","0.40","2019-03-07 15:47:24","0",
"【女王价】春装黑色宽松大码a字孕妇娃娃装绣花刺绣欧根纱两件套装连衣裙女","283","370312003207717529","付款订单","339.00","5.50 %","6.52","2019-03-07 15:03:30","--",
"【女王价】打底裤女裤外穿春秋春季薄款小脚紧身高腰显瘦黑色夏季九分小黑裤","1045","369786177958150857","已返利","39.90","5.50 %","0.77","2019-03-07 14:26:07","2019-03-10 15:06:48",
"婴儿隔尿垫大号超大防水可洗透气新生儿宝宝用品月经姨妈防漏床单","651","370203587616601070","已返利","71.90","5.50 %","1.38","2019-03-07 13:47:41","2019-03-16 08:40:19",
"2018新款春原宿ulzzang运动鞋透气平底跑步鞋韩版休闲女鞋子百搭","994","369922498184667564","已返利","54.99","3.50 %","0.67","2019-03-07 13:31:40","2019-03-17 17:08:39",
"女童秋装套装2018新款中大童洋气时髦童装儿童裙子长袖秋季两件套","29","370134019075096019","已返利","22.07","5.00 %","0.38","2019-03-07 13:13:47","2019-03-18 13:17:53",
"女童连衣裙2018秋装新款童装小女孩韩版纯色拼接网纱背心儿童裙39","29","370134019075096019","付款订单","29.17","5.00 %","0.51","2019-03-07 13:13:47","--",
"女童裤子春秋2017新款儿童韩版休闲童装小女孩秋装时尚百搭短裤潮","29","370134019075096019","已返利","16.04","5.00 %","0.28","2019-03-07 13:13:47","2019-03-18 13:18:53",
"女童背带裙 儿童2017冬装新款童装条纹背心裙宝宝条纹秋冬裙子","29","370134019075096019","已返利","24.58","5.00 %","0.43","2019-03-07 13:13:47","2019-03-18 13:16:53",
"女童半身裙夏装2018新款韩版儿童纱裙童装小女孩蓬蓬裙洋气裙子潮","29","370134019075096019","已返利","14.74","5.00 %","0.25","2019-03-07 13:13:47","2019-03-18 13:18:53",
"碗莲水培植物花种四季室内开花不断水养睡莲荷花种子莲花种籽盆栽","782","268243399534773794","已返利","6.80","30.01 %","0.71","2019-03-07 13:09:47","2019-03-11 08:01:22",
"黛维莉橄榄洗发水沐浴露护发素套装去头屑滋润持久留香男女洗头膏","924","280185004684881403","已返利","9.90","30.00 %","1.03","2019-03-07 12:55:35","2019-03-17 17:07:39",
"【女王价】蔡林记武汉热干面正宗湖北特产碱水面挂面碱面面条拌面方便面速食","994","369313856697667564","已返利","19.90","20.00 %","1.39","2019-03-07 12:45:21","2019-03-10 10:31:21",
"中式粒粒脆巧克力饼干碎蛋糕装饰西点冰激淋鸡蛋烘焙糕点装饰1KG","","369251488481360985","确认收货","38.90","1.50 %","0.20","2019-03-07 12:07:19","0",
"蛋糕装饰片麦片 巧克力燕麦碎碎片碎麦粒脆冰淇淋甜品装饰1kg包邮","324","369251488481360985","已返利","79.60","1.50 %","0.41","2019-03-07 12:07:19","2019-03-13 18:29:50",
"伯乐马榨汁机家用水果小型便携式全自动多功能迷你学生电动榨汁杯","879","369218208120689639","已返利","44.90","1.80 %","0.28","2019-03-07 11:46:39","2019-03-17 12:48:50",
"【女王价】南海宝烤海鸭蛋包邮 正宗北部湾红树林厂家直销野生20枚 咸鸭蛋","782","267795557925773794","已返利","33.80","23.01 %","2.72","2019-03-07 06:46:34","2019-03-11 08:03:22",
"何浩明手持按摩器棒颈部腰部肩部电动仪多功能全身腿部敲打锤振动","","368918465991275061","确认收货","278.00","1.80 %","1.75","2019-03-07 00:29:17","0",
"小熊鞋老爹鞋女ins潮2019新款网红百搭运动板鞋智熏鞋超火小白鞋","","369260259611512968","确认收货","86.00","3.50 %","1.05","2019-03-07 00:05:09","0",
"【女王价】云思木想 春装新款女装宽松圆领chic印花长袖潮流t恤女上衣72406","","369260259612512968","确认收货","116.00","7.50 %","3.04","2019-03-07 00:05:07","0",
"2018新款春原宿ulzzang运动鞋透气平底跑步鞋韩版休闲女鞋子百搭","994","368602817101667564","失效订单","54.99","3.50 %","0.67","2019-03-06 22:25:39","--",
"超热卖2特 大2大2中实惠装装真空袋压缩袋收纳袋防潮送手泵","","368786050200224232","确认收货","36.90","20.01 %","2.58","2019-03-06 21:40:57","0",
"港风棒球服春天薄款2018秋季外套女春秋韩版学生潮bf原宿宽松百搭","984","280282670393627107","已返利","25.89","5.00 %","0.45","2019-03-06 20:22:56","2019-03-11 15:23:20",
"南极人高腰收腹内裤女100%纯棉裆全棉裆非抗菌女士中腰大码三角裤","960","368548034581331636","已返利","39.90","3.50 %","0.49","2019-03-06 17:41:35","2019-03-18 17:26:09",
"【100ML大瓶装】直接拍3件！第二第三件0元！梵贞玻尿酸沁润原液","895","368331713813001945","已返利","38.00","40.00 %","5.32","2019-03-06 17:37:33","2019-03-11 21:17:50",
"儿童发夹女夹子婴儿头饰可爱公主发饰2018新款女童不伤发宝宝发卡","960","368307169312331636","已返利","19.80","30.00 %","2.07","2019-03-06 17:18:39","2019-03-17 19:14:18",
"山西冰糖心苹果整箱10斤装红富士新鲜当季水果大丑苹果非阿克苏","877","367853376825450631","已返利","33.80","2.50 %","0.29","2019-03-06 15:30:57","2019-03-10 15:14:48",
"固特威碳霸燃油宝汽油添加剂汽车清理除积碳清洗剂燃油添加剂正品","912","368375938958680527","已返利","5.00","20.00 %","0.35","2019-03-06 15:23:17","2019-03-13 10:15:00",
"丰胸仪器电动胸部按摩器女神器乳房立挺增大疏通美胸乳贴产品内衣","903","368629635383751557","已返利","76.00","20.00 %","5.32","2019-03-06 15:21:54","2019-03-11 13:48:55",
"电动摩托车挡风被冬季加绒加厚保暖防水电瓶自行车挡风罩分体电车","853","368579491843281132","已返利","25.39","18.00 %","1.59","2019-03-06 14:38:26","2019-03-10 13:54:09",
"三层纱2019新款春夏季网纱裙半身中长款高腰a字裙白色蓬蓬裙仙女","524","367839873424228636","已返利","19.51","10.10 %","0.68","2019-03-06 10:21:49","2019-03-09 17:06:50",
"碰碰香花盆栽一抹香喷喷香随手室内驱蚊多肉老桩植物香味净化空气","129","367870242481587025","付款订单","19.90","2.00 %","0.14","2019-03-06 02:04:23","--",
"chic机车皮衣外套女2018新款春秋韩版显瘦修身小皮夹克短款百搭潮","660","367674274937711472","付款订单","124.15","5.00 %","2.17","2019-03-05 21:16:48","--",
"磁石面膜抖音同款黑科技亮肤焕颜磁铁深层清洁毛孔火山泥素颜正品","477","365934369146981620","已返利","39.00","30.00 %","4.09","2019-03-04 14:10:20","2019-03-14 14:54:35",
"儿童自行车配件脚撑支架车撑支撑脚架停车架16通用14寸车梯子童车","339","366106370686703821","已返利","12.80","1.50 %","0.06","2019-03-04 13:26:57","2019-03-14 16:58:30",
"淘美点痣笔扫斑笔祛斑去痣神器祛痣笔美容仪脸部无痕修复水膏正品","477","365312160251981620","已返利","39.00","30.00 %","4.09","2019-03-04 09:38:52","2019-03-14 16:18:10",
"法国小众连衣裙女装2019新款时尚气质网纱拼接不规则蛋糕打底长裙","493","279512972050904603","已返利","57.80","5.00 %","1.01","2019-03-04 03:07:48","2019-03-14 08:34:12",
"真皮坡跟女鞋浅口妈妈鞋软底女舒适单鞋防滑中老年女鞋秋2018新款","697","365936355191243054","已返利","77.42","30.00 %","8.13","2019-03-04 00:39:01","2019-03-11 18:07:35",
"春秋装刺绣衬衫女夏2019新款蝴蝶结雪纺衫长袖上衣小清新韩版百搭","777","365362241629983670","付款订单","39.90","10.00 %","1.39","2019-03-03 22:26:46","--",
"万宁美白牙粉牙素100g洁牙洗牙粉清洁亮白牙齿清凉去牙渍清新口气","447","365118529645984670","已返利","29.90","2.00 %","0.21","2019-03-03 18:34:31","2019-03-14 09:25:13",
"8模 压不坏大面桶塑料压面机家用手动河捞机手摇机莜面窝窝器","339","364802272406703821","已返利","17.90","10.00 %","0.62","2019-03-03 18:27:54","2019-03-13 21:04:21",
"白玉中国风空白色绘画扇子折扇男女式书法扇面宣纸扇骨礼品扇","479","279419692620693900","已返利","11.00","20.00 %","0.77","2019-03-03 16:00:09","2019-03-05 14:47:49",
"原木仿木石头画支架茶饼展示支架普洱茶架茶叶架子七子茶饼支架","479","279954223427693900","已返利","9.80","10.00 %","0.34","2019-03-03 15:57:49","2019-03-11 14:10:55",
"书包小学生1-3-4-6年级轻便减负护脊儿童书包女孩双肩包防水 YL-2","422","364455680268786221","已返利","29.00","20.00 %","2.03","2019-03-03 13:15:58","2019-03-06 16:44:29",
"正宗霍山铁皮石斛3年苗 仿野生米斛苗驯化苗盆栽小盆栽植物绿植","719","363887616950586156","已返利","9.90","30.00 %","1.03","2019-03-02 22:04:14","2019-03-12 21:43:08",
"不锈钢儿童学生大容量保温杯瓶印字定制logo礼品茶杯男女士水杯子","697","364211714223243054","已返利","14.61","8.50 %","0.43","2019-03-02 19:08:28","2019-03-13 09:33:00",
"春装黑色宽松大码a字孕妇娃娃装绣花刺绣欧根纱两件套装连衣裙女","283","363416672995717529","付款订单","379.00","5.50 %","7.29","2019-03-02 15:14:09","--",
"香当当 肉松饼整箱 休闲零食品小吃绿豆饼面包蛋糕茶点心早餐","82","364003267554075148","已返利","9.90","30.00 %","1.03","2019-03-02 12:51:49","2019-03-12 19:19:27",
"小护士卫生巾舒薄棉柔日用组合装5包50片 棉柔亲肤姨妈巾","82","279701807201901608","已返利","19.90","30.00 %","2.08","2019-03-02 12:40:45","2019-03-12 12:50:34",
"辉扬妇科凝胶私处护理正品抑菌洗液霉菌性炎阴道宫颈女止痒用的药","82","279449358800901608","已返利","8.80","40.00 %","1.23","2019-03-02 12:30:43","2019-03-12 13:56:47",
"女童半身裙春秋2018新款小女孩短裙百褶裙公主裙童装儿童春装裙子","","361525792167096019","确认收货","17.58","1.50 %","0.06","2019-02-28 23:54:22","0",
"女童牛仔裤2018新款秋装中大童韩版时尚喇叭裤小女孩长裤儿童裤子","29","361525792167096019","已返利","23.59","1.50 %","0.08","2019-02-28 23:54:22","2019-03-11 14:09:55",
"儿童针织衫2018秋装新款韩版时尚女宝宝打底衫中大童纯色休闲上衣","29","361525792167096019","已返利","17.68","1.50 %","0.06","2019-02-28 23:54:22","2019-03-11 14:08:55",
"女童T恤2018秋装新款童装女宝宝韩版圆领纯色长袖上衣儿童打底衫","29","361525792167096019","已返利","16.13","1.50 %","0.06","2019-02-28 23:54:22","2019-03-11 14:10:55",
"儿童卫衣新款韩版时尚小女孩绣花套头衫中大童长袖打底衫女童上衣","29","361525792167096019","已返利","18.93","1.50 %","0.07","2019-02-28 23:54:22","2019-03-11 14:12:55",
"女童袜子秋季2017新款小女孩春秋童装童袜韩版儿童袜子女宝宝短袜","29","361525792167096019","已返利","3.10","1.50 %","0.01","2019-02-28 23:54:22","2019-03-11 14:07:55",
"女童毛衣套头童装宝宝秋冬2018新款韩版高领打底衫儿童纯色针织衫","29","361525792167096019","已返利","23.59","1.50 %","0.08","2019-02-28 23:54:22","2019-03-11 14:08:55",
"女童破洞牛仔裤童装中大童2018秋冬新款小脚黑色长裤儿童裤子","29","361525792167096019","已返利","24.51","1.50 %","0.09","2019-02-28 23:54:22","2019-03-11 14:09:55",
"女童皮鞋春秋2018新款儿童春季黑色软底公主鞋小女孩单鞋一脚蹬","29","361525792167096019","已返利","28.55","1.50 %","0.10","2019-02-28 23:54:22","2019-03-11 14:09:55",
"H1颈链项圈韩国脖子饰品颈带性感脖链蕾丝项链简约学生锁骨链","","361989955142763244","确认收货","9.90","3.00 %","0.03","2019-02-28 19:34:49","0",
"H1颈链项圈韩国脖子饰品颈带性感脖链蕾丝项链简约学生锁骨链","","361209216570922369","确认收货","9.90","3.00 %","0.03","2019-02-28 19:09:51","0",
"H1颈链项圈韩国脖子饰品颈带性感脖链蕾丝项链简约学生锁骨链","","361202400261825166","确认收货","9.90","3.00 %","0.03","2019-02-28 19:00:04","0",
"H1颈链项圈韩国脖子饰品颈带性感脖链蕾丝项链简约学生锁骨链","","361482721679900460","确认收货","9.90","3.00 %","0.03","2019-02-28 18:39:39","0",
"H01-一毛钱虚拟物品快速发货0.01元t0壁纸电脑桌面图片1分钱秒-Y","","360720992086860025","付款订单","0.01","1.35 %","0.00","2019-02-28 11:48:15","0",
"一分钱 图片优费券 能拍的都有货只要0.01元就可得到壁纸火速发货","","360720992086860025","付款订单","0.01","1.35 %","0.00","2019-02-28 11:48:15","0",
"HYHYH01-0.01元商品美片一毛钱壁纸一分钱宝贝虚拟物品自动发货套","","360720992086860025","付款订单","0.01","1.35 %","0.00","2019-02-28 11:48:15","0",
"0.01元秒发高清头像 一分钱手机海报电脑壁纸自动发货好瓶套餐","","360720992086860025","付款订单","0.01","1.35 %","0.00","2019-02-28 11:48:15","0",
"H01-0.01元自动发货运营光速电脑桌面壁纸一分钱运营图片1-Y","","360720992086860025","付款订单","0.01","1.35 %","0.00","2019-02-28 11:48:15","0",
"一分钱壁纸店铺优费券0.01元代金券套餐 店内5个不同宝贝一起加购","","360720992086860025","付款订单","0.01","1.35 %","0.00","2019-02-28 11:48:15","0",
"HYHYH01-0.01元商品美片一毛钱壁纸一分钱宝贝虚拟物品自动发货","","360720992086860025","付款订单","0.01","1.35 %","0.00","2019-02-28 11:48:15","0",
"正品HYHYH01-0.01元商品美片一毛钱壁纸一分钱宝贝虚拟物品自动发","","360720992086860025","付款订单","0.01","1.35 %","0.00","2019-02-28 11:48:15","0",
"一分钱/0.01元壁纸高清3D鱼电脑壁纸/自动发货好瓶/手机待机图片","","360720992086860025","付款订单","0.01","1.35 %","0.00","2019-02-28 11:48:15","0",
"一分钱壁纸店铺优费券0.01元代金券套餐6个不同宝贝一起拍下","","360720992086860025","付款订单","0.01","1.35 %","0.00","2019-02-28 11:48:15","0",
"1分钱套餐可爱搞笑动物动图0.1元秒发自动发货聊天斗图0.01壁纸","","360720992086860025","付款订单","0.01","1.35 %","0.00","2019-02-28 11:48:15","0",
"H01-0.01元商品美片一毛钱壁纸一分钱宝贝虚拟物品自动发货套餐-Y","","360720992086860025","付款订单","0.01","1.35 %","0.00","2019-02-28 11:48:15","0",
"H10-0.01元搭配套餐自动发货一分钱图片笔记本电脑桌面壁纸秒发高","","360720992086860025","付款订单","0.01","1.35 %","0.00","2019-02-28 11:48:15","0",
"H01-0.01元商品美片一毛钱壁纸一分钱宝贝秒发秒评自动发货套餐-Y","","360720992086860025","付款订单","0.01","1.35 %","0.00","2019-02-28 11:48:15","0",
"H01-0.01元秒发秒评1分钱商品自动发货运营壁纸电脑桌面图片包-Y","","360720992086860025","付款订单","0.01","1.35 %","0.00","2019-02-28 11:48:15","0",
"艾叶干艾草泡脚泡澡中药包驱寒祛湿暖宫足浴粉包泡脚粉去湿气家用","13","357805729658973265","已返利","5.90","15.00 %","0.22","2019-02-25 16:07:37","2019-03-05 14:47:49",
"黑人双重薄荷牙膏批发家庭装家用225g去黄牙清新口气","2","357235107395624358","已返利","15.80","4.50 %","0.17","2019-02-24 18:00:11","2019-03-07 02:14:52",
"秦之恋手工山药片108g*5薯片山药脆片薄片好吃的休闲零食歪小吃咪","6","354294656881963071","已返利","14.90","1.35 %","0.05","2019-02-22 17:29:27","2019-03-05 14:47:49",
"漱口刷牙杯子简约家用牙缸牙膏便携式旅行套装情侣牙刷盒牙具收纳","","354428737904789870","确认收货","7.90","6.00 %","0.11","2019-02-22 15:13:27","0",
"多功能晾衣架折叠多夹子晒袜子家用婴儿童防风挂钩收纳神器32夹装","651","190319-258684355332375","付款订单","13.90","20.00 %","0.97","2019-03-19 13:04:12","--",
"芝麻炒海苔250g袋装即食拌饭海苔碎烤紫菜拌饭宝宝下饭神器多口味","782","190319-089786942711780","付款订单","23.30","1.00 %","0.08","2019-03-19 07:52:41","--",
"芝麻炒海苔即食烤紫菜拌饭饭团海苔碎宝宝孕妇零食网红小吃250g","782","190319-680554660831780","付款订单","13.60","2.00 %","0.09","2019-03-19 07:50:39","--",
"丝袜女薄款夏季短袜子女中筒短袜肉色钢丝面膜水晶袜女士透明超薄","1205","190319-042802873033468","付款订单","9.30","21.00 %","0.68","2019-03-19 01:42:58","--",
"眼线液笔 确认过眼神 遇见对的人 黑色棕色浅红色速干持久不晕染","1205","190319-375329915973468","付款订单","6.90","20.00 %","0.48","2019-03-19 01:41:16","--",
"蜂翼 有线控带麦入耳式耳机 适用苹果vivo华为小米oppo安卓耳塞","1225","190319-217237423133642","付款订单","4.90","30.00 %","0.51","2019-03-19 00:11:02","--",
"素描入门教程书籍画画册样本手绘速写摹稿美艺术生几何人体静物考","1225","190318-587019387753642","付款订单","13.32","3.00 %","0.14","2019-03-18 23:55:55","--",
"泰国风味 芒果干500gx1包蜜饯果脯水果干酸甜芒果片批发一整箱","782","190318-063122965731780","付款订单","15.40","20.00 %","1.07","2019-03-18 17:10:45","--",
"20-50支成人加粗衣架衣服架家用晾衣架儿童衣服架子衣撑子挂衣架","739","190318-251242743032762","付款订单","15.00","21.00 %","1.10","2019-03-18 12:39:50","--",
"棉睡衣女夏季短袖短裤两件套装都市可外穿休闲宽松学生丽人家居服","651","190318-064593593292375","付款订单","16.75","20.00 %","1.17","2019-03-18 11:55:57","--",
"帆布鞋女学生韩版ulzzang原宿板鞋港味2019新款百搭山本风鞋子ins【预售：3月25日发完】","417","190317-249485394613602","付款订单","34.80","2.00 %","0.24","2019-03-17 22:14:22","--",
"【抖音网红同款】VC爽肤水男女学生通用补水美白保湿控油收缩毛孔","725","190317-686559396513011","付款订单","3.90","30.00 %","0.40","2019-03-17 20:27:22","--",
"懒人免洗中药祛斑睡眠面膜美白补水保湿祛斑霜正品产品淡斑化妆品","725","190317-001346438133011","付款订单","26.90","20.00 %","1.88","2019-03-17 20:24:58","--",
"圆形大号彩色室内花盆 塑料加厚个性简约树脂多肉家用绿萝花盆","719","190317-252912927410614","付款订单","11.80","20.00 %","0.82","2019-03-17 20:09:43","--",
"多肉植物【新款爆盆套餐组合盆栽】肉肉含花盆净化空气一整箱","524","190317-480500777831215","付款订单","3.90","30.00 %","0.40","2019-03-17 08:59:51","--",
"洗脸束发带韩版可爱女学生长毛绒猫兔耳朵头套头发箍发饰头饰宽边","524","190317-581462918331215","付款订单","3.90","20.00 %","0.27","2019-03-17 08:55:49","--",
"棉袜子男女中筒运动长袜情侣原宿风潮流嘻哈秋冬季篮球百搭高帮","185","190317-436151256150225","付款订单","20.90","15.00 %","1.09","2019-03-17 08:02:34","--",
"每日限前200名   亲臣一品全芯体成长拉拉裤 纸尿裤任选 冬季柔软","783","190317-028648408073138","付款订单","37.60","1.00 %","0.13","2019-03-17 03:36:47","--",
"【买一送三】蓝莓苗蓝莓树苗盆栽南方北方种植庭院盆栽地栽果树苗","719","190316-147005440810614","付款订单","6.90","40.00 %","0.96","2019-03-16 23:35:32","--",
"洗衣液香味宝宝婴儿手洗持久留香洗衣液袋装瓶装儿童专用正品批发","332","190316-339468944072840","付款订单","29.80","1.00 %","0.10","2019-03-16 22:01:51","--",
"海俪恩美瞳护理液大小瓶多功能隐形近视眼镜营养药水除蛋白清洗液","580","190316-620518769613704","付款订单","9.90","4.00 %","0.14","2019-03-16 21:57:44","--",
"2019新款樱桃帆布鞋女学生韩版原宿百搭手绘涂鸦网红社会ins超火","580","190316-130207253193704","付款订单","42.90","3.00 %","0.45","2019-03-16 21:19:07","--",
"虾笼鱼网伞网鱼笼捕虾网螃蟹笼黄鳝笼渔网捕鱼网泥鳅笼伞笼","516","190316-050161910612610","付款订单","26.40","3.00 %","0.27","2019-03-16 17:21:46","--",
"200克正宗云南古法黑糖10味手工黑糖月经老红糖姜茶","1206","190316-681434809052564","付款订单","3.90","30.00 %","0.40","2019-03-16 13:15:59","--",
"东神口水面拉面小丸子休闲小零食300g  2袋  8090经典零食小吃","1205","190316-237614531473468","失效订单","12.92","20.00 %","0.90","2019-03-16 13:13:00","--",
"【5斤特惠】沙琪玛传统工艺糕点零食低糖不油腻萨其马休闲零食","1205","190316-229025383193468","付款订单","15.46","5.00 %","0.26","2019-03-16 13:02:58","--",
"【沃马龙4条装】内裤男平角裤中腰透气青年四角裤头男士内裤潮U凸","","190316-556612977810614","付款订单","11.90","20.00 %","0.83","2019-03-16 12:26:07","--",
"花盆塑料花盆螺纹花盆送+满天星+生根粉+托盘陶瓷花盆托盘","719","190316-161745470130614","付款订单","7.90","20.00 %","0.55","2019-03-16 11:58:25","--",
"1-3件美背无钢圈内衣女学生抹胸性感韩版运动文胸吊带背心薄款","1187","190314-250899661512919","付款订单","13.78","25.00 %","1.20","2019-03-14 23:19:21","--",
"【限时大促2斤】薏米红豆紫薯燕麦全麦代餐饱腹饼干零食150g-5斤","559","190314-676806656892870","付款订单","14.80","5.00 %","0.25","2019-03-14 19:33:15","--",
"电卷发棒直发器两用夹板蓬松家用烫头发拉直板夹内扣不伤发","133","190314-042726851572162","付款订单","26.55","3.00 %","0.28","2019-03-14 12:11:13","--",
"鞋子女新款运动鞋女学生网红老爹鞋女原宿韩版百搭超火跑步小白鞋","651","190314-234689660012375","付款订单","34.90","5.00 %","0.61","2019-03-14 11:11:53","--",
"5双装儿童袜子棉春夏季薄款男女0-12岁儿童短袜宝宝袜子婴儿袜子","651","190314-484712121272375","付款订单","6.90","20.00 %","0.48","2019-03-14 08:20:42","--",
"裂帛中袖衬衫新款刺绣中长款宽松衬衣百搭气质白色上衣","375","190314-274754438010537","失效订单","52.90","1.00 %","0.18","2019-03-14 06:14:19","--",
"女童运动套装春装2019新款韩版儿童大童时髦休闲春秋两件套春款潮","550","190313-236597085252508","确认收货","59.90","1.00 %","0.21","2019-03-13 21:44:01","--",
"南极人被子水洗棉空调被夏凉被单人双人夏被棉被芯宿舍必备春秋被","782","190313-467606242131780","付款订单","16.90","30.00 %","1.77","2019-03-13 21:40:48","--",
"成人自行车儿童山地车单车中小学生男女赛车26寸24寸22寸20寸18寸","259","190313-678865798353146","确认收货","268.00","2.00 %","1.87","2019-03-13 20:05:50","--",
"面包糠炸鸡裹粉肯德基油炸南瓜饼脆皮香蕉食用细面包屑家用小包装","152","190313-031671583851729","确认收货","5.80","40.00 %","0.81","2019-03-13 14:09:24","--",
"婴儿咬咬乐果蔬乐吃水果奶嘴辅食器袋宝宝安抚牙胶磨牙棒摇铃玩具","","190313-207515157670815","确认收货","8.01","1.00 %","0.02","2019-03-13 14:05:25","--",
"防滑拖鞋男女士室内家居浴室洗澡按摩厚底家用凉拖鞋夏春季一字拖","152","190313-402788844371729","确认收货","4.90","30.00 %","0.51","2019-03-13 13:47:54","--",
"【送解扣器】被子被罩被角防滑防跑固定神器被套被子安全固定扣","152","190313-579842212671729","确认收货","14.21","20.00 %","0.99","2019-03-13 13:44:28","--",
"【南国食品_680g南国炭烧咖啡】40小袋椰奶咖啡 三合一速溶咖啡粉","559","190313-220562719812870","付款订单","23.90","10.00 %","0.83","2019-03-13 08:57:26","--",
"【1000g特价1天】范鲜生夹心水果手撕面包蛋糕点营养早餐面包零食","559","190313-182060319792870","付款订单","16.90","1.00 %","0.05","2019-03-13 08:55:47","--",
"18年4月产达利园豆本豆黑豆奶PP瓶360ML 12瓶 植物蛋白营养早餐奶","1153","190312-634838713432417","确认收货","17.90","20.00 %","1.25","2019-03-12 20:01:27","--",
"康汇白胶Dr.fan高级美国白胶牛头胶起泡胶史莱姆戳戳泥康汇新白胶","125","190312-515707372251604","确认收货","22.00","10.00 %","0.77","2019-03-12 18:45:09","--",
"染发膏黑色白发一洗黑洗发水永久黑发无刺激一支黑纯绿植染发剂彩","","190312-087206789892894","确认收货","19.00","20.00 %","1.33","2019-03-12 16:48:26","--",
"红枣新疆灰枣红枣干农家自种若羌灰枣枣子枣特产非和田大枣500g","","190312-675506422651150","确认收货","6.80","30.00 %","0.71","2019-03-12 16:39:23","--",
"双面加厚成人搓澡巾长条拉背条搓背器强力搓澡手套搓背刷沐沐浴球","1183","190312-560417342250313","付款订单","6.60","25.00 %","0.57","2019-03-12 14:40:48","--",
"双面加厚成人搓澡巾长条拉背条搓背器强力搓澡手套搓背刷沐沐浴球","265","190312-122986824553150","付款订单","6.60","25.00 %","0.57","2019-03-12 14:20:08","--",
"【超值20双40双】女士夏季短丝袜超薄款黑肉色隐形透明水晶袜子女","222","190312-472433296190249","确认收货","5.90","20.00 %","0.41","2019-03-12 11:58:55","--",
"【6斤40卷半年装】卫生纸批发家用卷纸手纸木浆厕纸无芯卷纸巾","782","190312-035452355731780","付款订单","26.90","30.00 %","2.82","2019-03-12 11:48:31","--",
"【买一送一】春秋中厚打底裤肉色丝袜女薄款天鹅绒黑色踩脚连裤袜","","190312-666067272950491","付款订单","10.90","20.00 %","0.76","2019-03-12 06:26:44","--",
"行李箱女拉杆箱小清新旅行包20韩版密码24皮箱子28寸万向轮学生男","484","190311-379063501573231","付款订单","114.46","5.00 %","2.00","2019-03-11 17:36:41","--",
"利贝婴儿洗发沐浴露1L*2瓶家庭装宝宝洗发水儿童沐浴露二合一","","190311-619272602591943","付款订单","32.90","10.00 %","1.15","2019-03-11 16:24:43","--",
"女童夹克2019春秋款儿童外套休闲夹克衫小女孩连帽薄款外套棒球服","","190311-518414664791943","付款订单","18.90","30.00 %","1.98","2019-03-11 16:21:33","--",
"利贝婴儿洗发沐浴露1L*2瓶家庭装宝宝洗发水儿童沐浴露二合一","","190311-229680743051943","失效订单","32.90","10.00 %","1.15","2019-03-11 15:28:05","--",
"批发10盒网红脏脏包 零食奶酪包脏小子爆浆巧克力夹心面包早餐包","364","190311-011365253851712","确认收货","14.90","1.00 %","0.05","2019-03-11 13:09:52","--",
"【一洗净】语衣甘蓝薰衣草香氛洗衣液 持久留香 低泡易漂 家庭装","248","190311-442830685212519","付款订单","7.90","20.00 %","0.55","2019-03-11 11:46:22","--",
"鱼之宝锦鲤金鱼鱼食冷水鱼热带鱼通用饲料虾红素螺旋藻增艳不污水","516","190310-091771699932610","确认收货","7.80","20.00 %","0.54","2019-03-10 17:59:53","--",
"飞科剃头刀电动推剪头发家用成人儿童理发器充电式电剪刀推子工具","516","190310-005303502072610","确认收货","65.00","2.00 %","0.45","2019-03-10 17:20:14","--",
"鱼之宝锦鲤金鱼鱼食冷水鱼热带鱼通用饲料虾红素螺旋藻增艳不污水","516","190310-650281288532610","失效订单","7.00","20.00 %","0.49","2019-03-10 17:17:26","--",
"春季新款韩版时尚百搭女鞋跑步运动鞋网红轻便休闲鞋防滑软底单鞋","516","190310-556858410032610","失效订单","14.90","20.00 %","1.04","2019-03-10 17:15:40","--",
"4片+随机送护理液透明隐形近视眼镜年抛美瞳小直径学生超薄保湿","1156","190310-078336820410370","确认收货","16.90","10.00 %","0.59","2019-03-10 16:06:24","--",
"ins手表女生学生韩版简约时尚潮流ulzzang休闲小巧迷你手链女表","655","190310-515033662333181","付款订单","23.90","10.00 %","0.83","2019-03-10 13:13:46","--",
"南极人 被子水洗棉空调被夏凉被单双人学生春秋夏季儿童夏被被芯","782","190310-461136855811780","付款订单","15.90","30.00 %","1.66","2019-03-10 12:50:09","--",
"女神节特卖-苏菲卫生巾日用夜用组合装柔棉感230+290+420多款可选","1080","190310-022754100151337","付款订单","74.80","1.00 %","0.26","2019-03-10 11:16:53","--",
"粉红豹公仔毛绒玩具可爱少女心抱枕玩偶布娃娃生日礼物送女生便宜","52","190309-137956229871905","确认收货","99.00","1.00 %","0.34","2019-03-09 23:01:44","--",
"耳机线vivo/华为/oppo苹果小米通用入耳式重低音可爱运动K歌耳麦","185","190309-488842527930225","确认收货","4.80","25.00 %","0.42","2019-03-09 20:45:48","--",
"女神节特卖-苏菲卫生巾日用夜用组合装柔棉感230+290+420多款可选","1080","190309-406198026971337","失效订单","39.90","1.00 %","0.14","2019-03-09 16:36:50","--",
"[冷水去油腻]青柠檬洗洁精餐具清洁剂瓜果蔬菜一洗净无残留食品级","1142","190309-062740890572234","确认收货","15.50","20.00 %","1.08","2019-03-09 14:49:32","--",
"垃圾袋加厚家用手提垃圾袋中号大号厨房塑料袋批发背心袋加厚加大","782","190309-329893806911780","付款订单","2.60","20.00 %","0.18","2019-03-09 12:30:59","--",
"春季新款高腰牛仔裤女韩版chic宽松阔腿百搭九分裤bf学生直筒长裤","64","190309-571032208271708","确认收货","22.24","1.00 %","0.07","2019-03-09 11:15:15","--",
"珂润宝宝新生儿通婴儿湿纸巾80抽带盖大包手口屁屁湿巾纸成人包邮","","190308-469120124151750","付款订单","9.90","20.00 %","0.69","2019-03-08 22:43:57","--",
"电吹风机家用大功率冷热风理发店电吹风蓝光负离子学生宿舍吹风筒","1137","190308-307571262430077","确认收货","20.90","30.00 %","2.19","2019-03-08 20:29:45","--",
"2019年网红电子打火机充电炫酷防风创意点烟器刻字装逼送男友礼物","1137","190308-474551747770077","确认收货","10.90","22.00 %","0.84","2019-03-08 20:22:15","--",
"南北特豆干零食麻辣豆腐干休闲小吃零食大礼包湖南特产豆制品批发","559","190308-630846260172870","付款订单","9.16","20.00 %","0.64","2019-03-08 17:48:18","--",
"台湾风味糕叔网红雪花酥盒装手工美食零食糕点牛轧奶芙多口味组合","559","190308-112625583152870","付款订单","9.90","30.00 %","1.03","2019-03-08 17:46:56","--",
"卫衣女条纹中长款连衣裙女装2019春秋新款长袖打底裙子","","190308-067206513773031","付款订单","29.90","20.00 %","2.09","2019-03-08 16:47:38","--",
"山西特产纯红薯粉条粉丝地瓜番薯宽粗火锅扁粉条纯手工细粉酸辣粉","","190308-047392359230214","付款订单","19.50","10.00 %","0.68","2019-03-08 14:25:46","--",
"小米9 se/6x/5x红米6/6a/6pro/note5/4a防摔5a软胶4x手机壳保护套","705","190308-070394184550288","确认收货","5.80","5.00 %","0.10","2019-03-08 13:54:22","--",
"阔腿裤女学生韩版宽松新款休闲九分哈伦裤春夏季薄款黑色灯笼裤子","","190308-502360310870796","付款订单","17.90","30.00 %","1.87","2019-03-08 13:49:21","--",
"韩风Chic单排扣短款宽吊带方领抹胸一字领两穿针织背心显瘦女上衣","1089","190308-118215148210973","确认收货","12.90","20.00 %","0.90","2019-03-08 04:18:02","--",
"大码女装2019春夏装新款韩版显瘦蕾丝衫雪纺衫胖mm喇叭袖上衣小衫","","190307-544889242711472","付款订单","35.90","20.00 %","2.51","2019-03-07 18:12:47","--",
"买2送碗勺 混合水果坚果燕麦片冲饮即食代餐营养早餐麦片营养粥","","190307-320170231030537","付款订单","8.26","20.00 %","0.57","2019-03-07 17:05:58","--",
"50条/30可选洗碗布不沾油加厚不掉毛柔软不伤手抹布洗碗巾百洁布","324","190307-650891100913797","付款订单","12.80","20.00 %","0.89","2019-03-07 15:11:10","--",
"2019春季新款女士防滑软底皮鞋休闲舞蹈加绒防风保暖雪地棉靴子","324","190307-116606239393797","付款订单","16.70","20.00 %","1.16","2019-03-07 15:09:44","--",
"贝蓓嘉海盐关节热敷包 护膝加热 缓解疼痛湿寒关节不适","106","190307-277988639670144","确认收货","93.80","20.00 %","6.56","2019-03-07 14:55:03","--",
"冰丝睡衣女夏丝绸吊带背心短裤套装韩版印花家居服两件套自带胸垫","757","190307-358112953413451","确认收货","28.50","2.00 %","0.19","2019-03-07 14:52:02","--",
"卫生纸10斤大卷纸72卷家用批发纸巾厕纸原生木浆卷筒纸家庭装","782","190307-247954146011780","付款订单","36.90","30.00 %","3.87","2019-03-07 10:21:27","--",
"女装2019新款潮夏天衣服女学生韩版打底衫圆领白色短袖T恤女","","190307-284476048432352","确认收货","6.90","40.00 %","0.96","2019-03-07 09:40:36","--",
"发饰头饰皮筋发圈皮套头绳韩版头绳简约小清新头饰扎头发日韩发绳","905","190307-042598400892874","付款订单","1.82","30.00 %","0.19","2019-03-07 09:25:19","--",
"黑板墙家用可移除贴纸儿童涂鸦墙贴墙纸自粘教学可擦写白板黑板贴","905","190307-629781300032874","付款订单","15.96","20.00 %","1.11","2019-03-07 09:20:46","--",
"德国齿道成人电动牙刷充电式声波软毛情侣款男女套装超防水全自动","789","190307-147107349451459","确认收货","19.90","30.00 %","2.08","2019-03-07 09:06:25","--",
"蜂蜜正品【买一送一】蜂蜜500克/瓶农家野生土蜂蜜百花蜂蜜发两斤","789","190307-486018908811459","付款订单","19.90","20.00 %","1.39","2019-03-07 09:04:49","--",
"吃鸡鹅蛋子弹游戏手柄支架手机支架游戏手柄iphone安卓游戏手柄","380","190306-062676337474009","失效订单","8.90","10.00 %","0.31","2019-03-06 21:58:38","--",
"【2018新款】儿童玩具益智磁性钓鱼玩具套装新鱼竿大号池一家四口","905","190306-169148744652874","付款订单","2.60","20.00 %","0.18","2019-03-06 21:34:36","--",
"亲臣一品 超薄婴儿纸尿裤拉拉裤 正品 S/L/M/XL任选 秋冬季尿不湿","905","190306-400536699612874","付款订单","29.62","1.00 %","0.10","2019-03-06 21:18:58","--",
"【小黑裙洗沐套装】持久留香 418ml洗发水沐浴露","","190306-496630825852352","确认收货","9.80","30.00 %","1.02","2019-03-06 21:08:14","--",
"小猫咪画眉神器初学者画眉贴修眉刀+眉刷+防水防汗眉粉双头眉笔","","190306-497663673332874","付款订单","4.90","20.00 %","0.34","2019-03-06 20:09:39","--",
"小海杨海苔夹心脆片即食紫菜零食罐装","782","190306-621016843131780","确认收货","24.73","20.00 %","1.73","2019-03-06 19:43:09","--",
"七公主抽纸巾孕婴用纸餐巾纸面巾纸擦手纸卫生纸抽32/30/10包","324","190306-046465352853797","付款订单","27.90","20.00 %","1.95","2019-03-06 19:15:49","--",
"夏装女学生韩版t恤2019新款女装夏天宽松短袖上衣原宿半袖体恤","324","190306-626981929733797","付款订单","8.80","25.00 %","0.77","2019-03-06 19:10:01","--",
"长袖t恤女2019春季新款妈妈装时尚中长款上衣显瘦假两件打底衫","324","190306-611212657773797","付款订单","37.90","10.00 %","1.32","2019-03-06 19:04:16","--",
"燕尾夹长尾夹鱼尾凤尾照片票据夹黑彩色文件试卷金属铁夹办公文具","905","190306-136705803072874","付款订单","10.61","21.00 %","0.78","2019-03-06 19:03:53","--",
"2片装送镜盒 奶油年抛隐形眼镜大小直径混血自然美瞳韩版网红同款","185","190306-626034279110225","确认收货","14.80","10.00 %","0.51","2019-03-06 17:09:43","--",
"桶装0.5m中性笔碳素水笔芯 0.38m签字笔0.35替芯蓝红黑色笔芯","905","190306-549734974372874","付款订单","8.80","30.00 %","0.92","2019-03-06 15:49:58","--",
"正宗台湾风味手抓饼面饼批发20/30/50片 60/90克家庭装商业装包邮","","190306-150977250193771","付款订单","18.90","21.00 %","1.38","2019-03-06 15:41:55","--",
"调料盒套装家用调味盒组合装调料瓶用品佐料收纳盒盐罐调味罐","801","190306-625990042432235","失效订单","37.78","10.00 %","1.32","2019-03-06 14:57:30","--",
"儿童发夹韩版蝴蝶结发饰头饰婴儿宝宝刘海夹小孩bb夹","804","190306-377006981811428","失效订单","7.90","20.00 %","0.55","2019-03-06 14:56:30","--",
"【旗笙3-5条装纯棉】女士内裤女大码中腰内裤女收腹三角女内裤","663","190306-338167726873956","确认收货","15.80","15.00 %","0.82","2019-03-06 14:06:35","--",
"棉线大号平板拖把家用托把大码地拖尘推排拖工厂车间用长拖把平拖","804","190306-026703299651428","付款订单","117.00","10.00 %","4.09","2019-03-06 10:23:16","--",
"S990纯银耳钉女银耳棒弯钩耳钉女学生足银养耳骨钉【只卖纯银】","551","190306-178653758652940","付款订单","9.40","21.00 %","0.68","2019-03-06 08:38:15","--",
"30片玻尿酸巨补水面膜贴蚕丝美白面膜保湿祛斑祛痘去黄原液嫩肌肤","","190305-149802517453551","付款订单","8.70","30.00 %","0.91","2019-03-05 21:55:36","--",
"千纤草爽肤水500mL 丝瓜水黄瓜水化妆水柔肤水面部补水保湿水膜水","540","190305-154148864870585","付款订单","12.50","2.00 %","0.08","2019-03-05 21:48:15","--",
"沪众电子称可选USB充电电子秤体重秤精准家用人体秤健康减肥秤重","220","190305-483635037391085","付款订单","12.00","0.10 %","0.00","2019-03-05 20:26:49","--",
"网驰【买四送一】不锈钢多功能衣柜裤架家用多层裤夹子裤子衣架子","106","190305-224506020510144","确认收货","33.00","20.00 %","2.31","2019-03-05 16:03:55","--",
"出口法国五星级酒店羽绒被被子加厚保暖冬被单双人羽绒被芯鹅绒被","298","190305-609109935153332","付款订单","158.00","35.00 %","19.35","2019-03-05 12:10:40","--",
"免打孔卫生间放盆子洗脸盆架子盆子收纳架免钉壁挂浴室置物架挂钩","577","190305-067827139631853","确认收货","8.80","10.00 %","0.30","2019-03-05 11:42:02","--",
"防辐射多边形近视眼镜女学生韩版抖音网红同款复古平光男框架眼睛","794","190305-420239115453652","付款订单","12.75","20.00 %","0.89","2019-03-05 09:33:42","--",
"两孩宝贝纯棉秋衣打底内衣儿童低领纯棉内衣婴儿0.5-5岁","651","190305-221301966052375","确认收货","6.80","30.00 %","0.71","2019-03-05 07:36:18","--",
"水星梦家纺优质羽绒被【送包装袋】纯棉冬被加厚被芯婚庆被全棉羽绒被白鹅绒被羽丝绒单人双人春秋被全棉保暖被芯羽丝绒五星级酒店","298","190304-300858081973332","失效订单","115.00","20.00 %","8.05","2019-03-04 19:28:26","--",
"买二送一猕猴桃树苗地载嫁接红心猕猴桃盆栽果树苗南北方种植","396","190304-171268506493301","确认收货","19.00","30.00 %","1.99","2019-03-04 18:32:21","--",
"【舍尚都】含棉牛仔套装2019春季新款韩版休闲阔腿裤马甲三件套女","663","190304-162937570233956","确认收货","128.10","20.00 %","15.37","2019-03-04 17:19:06","--",
"车厘子树苗当年结果南方北方种植嫁接樱桃树苗特大盆栽地栽果树苗","396","190304-561195910173301","确认收货","12.50","20.00 %","0.87","2019-03-04 16:43:21","--",
"【5双装】儿童袜子女纯棉袜女童男童袜抗起球高档童袜不是棉白送","651","190304-107161191452375","确认收货","7.90","20.00 %","0.55","2019-03-04 16:17:38","--",
"每日限前200名   亲臣一品全芯体成长拉拉裤 纸尿裤任选 冬季柔软","783","190304-274059100913138","确认收货","37.60","1.00 %","0.13","2019-03-04 15:19:35","--",
"护手霜滋润保湿补水嫩肤秋冬防干裂四季通用大瓶按压式手足霜男女","645","190304-298206495871561","失效订单","20.90","20.00 %","1.46","2019-03-04 14:40:07","--",
"《亏损1000份宁夏农家枸杞子》新货免洗中宁茶男肾正宗构杞子500g","396","190304-114717492213301","确认收货","15.60","20.00 %","1.09","2019-03-04 14:37:48","--",
"童鞋女童运动鞋网面气垫鞋2019春夏季新款儿童鞋学生男童韩版鞋子","651","190304-073359033192375","确认收货","24.90","20.00 %","1.74","2019-03-04 13:18:43","--",
"【春秋爆款】男士毛呢大衣男装西装领修身中青年羊毛呢外套风衣男","505","190304-167040123592233","确认收货","103.00","10.00 %","3.60","2019-03-04 13:17:31","--",
"春秋季新款中大童小白鞋韩版平底男女童板鞋男女学生休闲运动单鞋","615","190304-410315654230770","确认收货","26.80","5.00 %","0.46","2019-03-04 13:05:22","--",
"班服定制t恤情侣装来图定做衣服印照片短袖闺蜜装亲子装男女T恤潮","220","190304-162183251171085","确认收货","13.80","30.00 %","1.44","2019-03-04 12:55:11","--",
"4条装男士三角内裤男纯棉透气莫代尔男青年中年人中腰三角裤头男","744","190304-588644353170077","确认收货","26.00","10.00 %","0.91","2019-03-04 10:36:44","--",
"蝴蝶结系带衬衫女装长袖2019春秋季新款宽松上衣服时尚洋气质衬衣","274","190304-002267546711717","失效订单","39.90","10.00 %","1.39","2019-03-04 10:28:06","--",
"婚庆喜铺糖果透明千纸鹤多彩糖水果味散装招待糖果批发500或2500g","750","190303-654330102412743","失效订单","12.38","1.00 %","0.04","2019-03-03 22:28:45","--",
"【买一送一】快充安卓数据线oppo手机充电线vivo红米魅族通用魅蓝","573","190303-545888011271628","确认收货","9.90","20.00 %","0.69","2019-03-03 22:21:05","--",
"男士背包双肩包韩版潮流休闲旅行包初中高中大学生书包帆布电脑包","61","190303-450033419011441","确认收货","35.00","10.00 %","1.22","2019-03-03 18:27:04","--",
"80-160斤 纯棉短袖t恤女夏天新款宽松妈妈装上衣大码体恤打底衫春","651","190303-440778752852375","确认收货","14.90","20.00 %","1.04","2019-03-03 18:22:31","--",
"10斤壹亩地瓜红心流油蜜薯21度蜜新鲜地瓜烤红薯烟薯25红薯【预售：3月12日发完】","651","190303-329570387152375","确认收货","14.90","20.00 %","1.04","2019-03-03 18:21:50","--",
"正品莎麦鸡精调味料50g四川成都国莎鲜香沙麦鸡精50克","551","190303-516855562952940","确认收货","7.00","1.00 %","0.02","2019-03-03 18:11:51","--",
"韩国品牌黄金眼膜贴60片 淡化细纹眼袋去除黑眼圈脂肪粒紧致补水","","190303-520380089410159","确认收货","21.90","3.00 %","0.23","2019-03-03 13:53:46","--",
"美瞳隐形眼镜年抛自然混血韩版抖音少女网红同款可爱学生大小直径","721","190303-685623214933815","确认收货","9.90","30.00 %","1.03","2019-03-03 11:27:48","--",
"高帮帆布鞋女2019新款学生韩版原宿布鞋子ulzzang百搭平底板鞋潮【预售：3月15日发完】","756","190303-103481344870194","失效订单","39.90","12.00 %","1.67","2019-03-03 11:20:17","--",
"吃鸡王者荣耀游戏手柄辅助把手吃鸡王者神器折叠支架把手桌面手柄","380","190303-608278938674009","失效订单","4.60","5.00 %","0.08","2019-03-03 09:41:54","--",
"夜光情侣手表女学生韩版简约电子手表女生休闲百搭复古手表女士","714","190303-004481352933033","确认收货","15.80","20.00 %","1.10","2019-03-03 09:33:42","--",
"小苏打美白牙膏220g/瓶 食品级按压式液体牙膏去黄去口臭口气清新","744","190303-102869238730077","确认收货","13.90","20.00 %","0.97","2019-03-03 08:52:33","--",
"【3层300张6包  】可选便携装绿族母婴抑菌抽纸纸巾整箱","42","190302-621860291794033","确认收货","9.90","20.00 %","0.69","2019-03-02 23:00:32","--",
"8寸新款动漫折扇二次元卡通周边魔道祖师王者荣耀男女式日用扇子","723","190302-386880963294025","确认收货","13.80","1.00 %","0.04","2019-03-02 22:30:34","--",
"光腿神器高腰肤色薄款加绒加厚打底裤春秋冬女外穿保暖连裤袜肉色","721","190302-077801391313815","失效订单","5.90","30.00 %","0.61","2019-03-02 22:19:15","--",
"【一脱到底】去毛根脱毛膏套装私处腋下胡子全身温和学生男女永久","721","190302-086865019713815","失效订单","4.90","20.00 %","0.34","2019-03-02 22:17:20","--",
"芙皇儿格子外套女2018秋冬季新款流行大衣气质修身中长款百搭风衣","709","190302-285211689650003","失效订单","98.00","3.00 %","1.02","2019-03-02 21:26:41","--",
"胡杨峰新疆特产和田大枣红枣枣子免洗500g散装5斤装批发孕妇零食","","190302-273750753932337","确认收货","6.58","30.00 %","0.68","2019-03-02 21:16:30","--",
"2/3/4条95纯棉 日系内裤女裆韩版中腰少女内裤性感学生三角裤底裤","715","190302-344669225673586","确认收货","4.90","40.00 %","0.68","2019-03-02 20:48:50","--",
"忆思情女士内裤中腰大码三角内裤性感蕾丝裤头时尚胖MM内裤","715","190302-594357453773586","确认收货","10.80","35.00 %","1.32","2019-03-02 20:45:21","--",
"买二送一麦芽糖纯正手工农家饴糖稀浆牛轧糖烘焙原料搅搅8090糖果","522","190302-259838116750270","确认收货","13.72","5.00 %","0.24","2019-03-02 20:29:44","--",
"[水润保湿]8色大理石学生可爱口红网红同款防水保湿不掉色口红","","190302-032741458850966","确认收货","4.53","10.00 %","0.15","2019-03-02 20:27:05","--",
"出口法国五星级酒店羽绒被被子加厚保暖冬被单双人羽绒被芯鹅绒被","298","190302-068986798833332","确认收货","158.00","35.00 %","19.35","2019-03-02 20:05:29","--",
"第三代大接口卷发筒吹卷发神器电吹风机万能接口抖音爆款烘发风罩","708","190302-015177155653066","确认收货","18.14","10.00 %","0.63","2019-03-02 20:00:43","--",
"快充便携充电宝移动电源苹果华为oppovivo8000mah手机通用","317","190302-395867915111757","失效订单","14.28","20.00 %","1.00","2019-03-02 19:40:46","--",
"新款少女书包女韩版原宿ulzzang 初中生高中学生背包校园双肩包女","579","190302-356951327672556","确认收货","23.27","20.00 %","1.62","2019-03-02 19:33:56","--",
"小学生课外书籍阅读 唐诗三百首成语故事 弟子规三字经故事书注音","651","190302-087800218512375","确认收货","7.80","10.00 %","0.27","2019-03-02 18:17:01","--",
"唐诗三百首儿童版全集幼儿古诗书大全小学生课外书一年级故事书籍","651","190302-602436076492375","失效订单","9.90","2.00 %","0.07","2019-03-02 18:14:59","--",
"【买三送一】双眼皮贴单面隐形网状蕾丝皮肤色无痕自然200-800贴","684","190302-227422045350185","确认收货","4.99","1.00 %","0.01","2019-03-02 18:06:04","--",
"ins风格小清新床上四件套学生简约床单三件套被套双人单人1.8m床","559","190302-333969163192870","确认收货","68.00","41.00 %","16.72","2019-03-02 17:54:33","--",
"韩纪小猪酸奶亮肤补水保湿五件套化妆品套装控油淡斑护肤品女学生","679","190302-017253335832100","确认收货","25.41","7.00 %","0.62","2019-03-02 17:52:24","--",
"正楷字帖成人凹槽练字帖楷体高中生楷书速成反复使用大学生初学者","","190302-167052903332375","确认收货","2.60","32.00 %","0.29","2019-03-02 17:36:53","--",
"抖音网红同款旋转口红韩版口红保湿学生可爱活力橙性感红斩男色","662","190302-427579475110496","确认收货","3.90","30.00 %","0.40","2019-03-02 17:35:21","--",
"台湾风味糕叔网红雪花酥盒装手工美食零食糕点牛轧奶芙多口味组合","631","190302-294055117651674","失效订单","9.90","30.00 %","1.03","2019-03-02 17:27:44","--",
"【10包20包30包60包可选】武汉香辣鸭脖17g每袋 卤味休闲零食小吃","631","190302-120870994651674","确认收货","6.80","30.00 %","0.71","2019-03-02 17:26:23","--",
"【5-20双】袜女士防勾丝肉色包芯丝钢丝面膜袜子薄款短丝袜黑色","645","190302-685866025611561","确认收货","2.90","30.00 %","0.30","2019-03-02 17:08:48","--",
"古欧手表女学生简约时尚方形复古原宿风皮带韩版Chic潮流ulzzang","655","190302-248110449573181","确认收货","13.12","30.00 %","1.37","2019-03-02 17:07:26","--",
"鞋子女学生鞋春夏2018新款单鞋韩版浅口一脚蹬懒人鞋百搭休闲女鞋","174","190302-264518042812962","失效订单","14.80","10.00 %","0.51","2019-03-02 16:46:25","--",
"春秋季条纹卫衣女学生韩版薄款宽松bf原宿风套头长袖慵懒上衣女","92","190302-612064625350918","确认收货","20.90","1.00 %","0.07","2019-03-02 16:37:27","--",
"缩阴产品凝胶棒紧致收缩阴道d女郎用品私处美白紧致女性私处护理","","190302-415831491510214","确认收货","38.60","5.00 %","0.67","2019-03-02 14:44:05","--",
"【50卷6斤半年装】4层家用原木卫生纸卷纸无芯纸巾批发卷筒纸12卷","377","190302-307238339591551","确认收货","30.50","5.00 %","0.53","2019-03-02 14:31:38","--",
"夏季浴室洗澡防滑男女士室内厚底家居拖鞋情侣凉拖鞋包邮","","190302-457476998330214","确认收货","4.40","20.00 %","0.30","2019-03-02 14:24:44","--",
"狐臭净味药腋臭止汗香体露男女通用腋下喷雾去狐臭遗传半月清","","190302-545262470350214","确认收货","13.80","20.00 %","0.96","2019-03-02 14:22:41","--",
"【舒适耐磨】尖头镂空蝴蝶结女士夏季平底透气凉鞋软面时尚工作鞋","293","190302-660735591170214","确认收货","15.90","25.00 %","1.39","2019-03-02 14:13:03","--",
"装被子收纳袋整理袋家用加厚大号装衣物整理袋潮防尘储物箱","293","190302-113793106850214","确认收货","11.90","20.00 %","0.83","2019-03-02 14:08:12","--",
"山西特产老陈醋饺子醋手工醋香醋凉拌醋陈醋【三年六年陈酿可选】","293","190302-393266135910214","确认收货","4.60","25.00 %","0.40","2019-03-02 14:00:39","--",
"防臭拖鞋女夏居家室内厚底防滑浴室洗澡情侣软底家居凉拖鞋男女士","293","190302-666788824070214","确认收货","7.73","10.00 %","0.26","2019-03-02 13:58:34","--",
"变形金刚 奥特曼蛋 恐龙蛋玩具侏罗纪霸王龙模型儿童节日生日礼物","274","190302-005871371451717","确认收货","14.20","10.00 %","0.49","2019-03-02 13:57:43","--",
"吃鸡王者荣耀游戏手柄辅助把手吃鸡王者神器折叠支架把手桌面手柄","380","190302-191664293074009","失效订单","4.60","5.00 %","0.08","2019-03-02 13:53:28","--",
"【白发变黑发】何首乌天然植物洗发水白发变黑发改善白发坚固发根","293","190302-290584331330214","确认收货","22.80","20.00 %","1.59","2019-03-02 13:38:55","--",
"黑色磨砂指甲油哑光雾面不可剥撕持久快干酒红色绿色显白套装学生","199","190302-244646216432952","确认收货","4.80","30.00 %","0.50","2019-03-02 13:28:53","--",
"8/18包27包30包竹浆本色抽纸婴儿面巾纸家用餐巾纸巾卫生纸批发","133","190302-236343132952162","确认收货","26.90","5.00 %","0.47","2019-03-02 13:19:22","--",
"多功能驾驶证皮套男女驾照套机动车行驶证皮套证件夹驾照本二合一","158","190302-224883507893954","失效订单","4.90","20.00 %","0.34","2019-03-02 12:43:08","--",
"ins少女心手账本 粉色独角兽活页手帐本空白方格旅行记事笔记本子","120","190302-518566052832155","失效订单","39.90","10.00 %","1.39","2019-03-02 12:32:21","--",
"比心卡通猪拍拍灯遥控led变色硅胶灯 同学送礼充电氛围小夜灯礼品","98","190302-274019779773333","确认收货","44.90","10.00 %","1.57","2019-03-02 12:31:32","--",
"夏季新品透气网鞋男鞋网布鞋透气休闲学生布鞋网面低帮鞋子男板鞋","","190302-076631245952267","确认收货","35.00","20.00 %","2.45","2019-03-02 11:59:00","--",
"商务签字笔0.5子弹头中性笔黑色笔芯考试专用水笔批发黑碳素笔","","190226-155704361631166","失效订单","5.80","30.00 %","0.43","2019-02-26 00:00:22","--",
"【2斤装136片】妙味佳烤馍片饼干批发整箱零食大礼包多规格可选","2","190224-280689050730758","确认收货","13.90","1.00 %","0.04","2019-02-24 22:48:16","--",
